{
  "items": [
    {
      "title": "5 Cyber Questions Every Director Must Ask",
      "category": "Director Toolkits",
      "access": "open",
      "abstract": "A one\u2011pager directors can take into the next meeting. No jargon; what a good answer sounds like.",
      "url": "/library/files/5-cyber-questions.pdf",
      "updated": "2025-08-29"
    },
    {
      "title": "CISO\u2192Board Briefing Pack (Template)",
      "category": "Director Toolkits",
      "access": "subscriber",
      "abstract": "Board-cycle structure: threats, incidents, readiness, metrics, appetite, forward look.",
      "url": "/library/files/ciso-board-pack-template.pdf",
      "updated": "2025-08-29"
    }
  ]
}